cluster,age,glucose_level,bmi_value,risk_score
0,51.02043868394816,88.12964107676969,30.418444666001996,0.0
1,14.305362318840581,92.19608695652174,23.771358695652175,0.0009057971014492754
2,63.47165991902834,122.30813765182187,32.555263157894736,1.1032388663967612
3,57.21487603305785,198.99305785123966,32.920495867768594,0.128099173553719
